140097,Miranda B. Roush
139649,Eldar Muravyov
139532,Miroslav Škaroupka
139665,Shu T'an
139154,Roland Guérette
139987,Guadalupe J. Martinez
139220,Steffen Meister
139158,Fabien Mailhot
140089,Terry L. Ridgley
139416,Lee Tsou
139549,George Blomqvist
139422,Sanaa' Hikmah Hakimi
139169,Christian Austerlitz
139859,Gabrielly Sousa Martins
139560,Will Henderson
139068,Sandra J. Wynkoop
139696,Zeeb Longoria Marrero
139752,Matheus Azevedo Melo
139667,Jameel Abdul-Ghani Gerges
139636,Cassio Lombardo
139881,Franca Palermo
139832,Earl B. Wood
139577,Yuina Ohira
139580,Vlad Alekseeva
139261,Wolfgang Sanger
140030,Michelle M. Lopez
139647,Trinity Zelaya Miramontes
